{
  "comparison_result": {
    "similarity_score": 0.9940623429888836,
    "mse_score": 1763.8063021702837,
    "ssim_score": 0.7118252829123513,
    "hash_distance": 10,
    "differences_count": 1,
    "overall_rating": "优秀 (Excellent)"
  },
  "analysis": {
    "differences_count": 1,
    "total_diff_area": 22673,
    "diff_percentage": 94.63,
    "color_analysis": {
      "image1_mean_color": [
        249.63142737896493,
        238.86377295492488,
        223.91919866444073
      ],
      "image2_mean_color": [
        248.6995409015025,
        232.2338063439065,
        209.25004173622705
      ],
      "color_difference": [
        0.9318864774624274,
        6.629966611018375,
        14.669156928213681
      ],
      "max_color_diff": 14.669156928213681
    },
    "image_dimensions": {
      "width": 599,
      "height": 40
    }
  },
  "diff_image_path": "local_test_reports/comparison_1752103737/diff_comparison_1752103794.png",
  "recommendations": [
    "建议检查页面元素位置，存在较大布局差异"
  ]
}